Passengerid,Age,Fare,Sex,sibsp,Parch,Pclass,Embarked,Survived,AgeGroup,FamilySize
1,22.0,7.25,0,1,0,3,2.0,0,Adult,2
2,38.0,71.2833,1,1,0,1,0.0,1,Adult,2
3,26.0,7.925,1,0,0,3,2.0,1,Adult,1
4,35.0,53.1,1,1,0,1,2.0,1,Adult,2
5,35.0,8.05,0,0,0,3,2.0,0,Adult,1
6,28.0,8.4583,0,0,0,3,1.0,0,Adult,1
7,54.0,51.8625,0,0,0,1,2.0,0,Adult,1
8,2.0,21.075,0,3,1,3,2.0,0,Child,5
9,27.0,11.1333,1,0,2,3,2.0,1,Adult,3
10,14.0,30.0708,1,1,0,2,0.0,1,Teen,2
11,4.0,16.7,1,1,1,3,2.0,1,Child,3
12,58.0,26.55,1,0,0,1,2.0,1,Adult,1
13,20.0,8.05,0,0,0,3,2.0,0,Adult,1
14,39.0,31.275,0,1,5,3,2.0,0,Adult,7
15,14.0,7.8542,1,0,0,3,2.0,0,Teen,1
16,55.0,16.0,1,0,0,2,2.0,1,Adult,1
17,2.0,29.125,0,4,1,3,1.0,0,Child,6
18,28.0,13.0,0,0,0,2,2.0,1,Adult,1
19,31.0,18.0,1,1,0,3,2.0,0,Adult,2
20,28.0,7.225,1,0,0,3,0.0,1,Adult,1
21,35.0,26.0,0,0,0,2,2.0,0,Adult,1
22,34.0,13.0,0,0,0,2,2.0,1,Adult,1
23,15.0,8.0292,1,0,0,3,1.0,1,Teen,1
24,28.0,35.5,0,0,0,1,2.0,1,Adult,1
25,8.0,21.075,1,3,1,3,2.0,0,Child,5
26,38.0,31.3875,1,1,5,3,2.0,1,Adult,7
27,28.0,7.225,0,0,0,3,0.0,0,Adult,1
28,19.0,263.0,0,3,2,1,2.0,0,Adult,6
29,28.0,7.8792,1,0,0,3,1.0,1,Adult,1
30,28.0,7.8958,0,0,0,3,2.0,0,Adult,1
31,40.0,27.7208,0,0,0,1,0.0,0,Adult,1
32,28.0,146.5208,1,1,0,1,0.0,1,Adult,2
33,28.0,7.75,1,0,0,3,1.0,1,Adult,1
34,66.0,10.5,0,0,0,2,2.0,0,Senior,1
35,28.0,82.1708,0,1,0,1,0.0,0,Adult,2
36,42.0,52.0,0,1,0,1,2.0,0,Adult,2
37,28.0,7.2292,0,0,0,3,0.0,1,Adult,1
38,21.0,8.05,0,0,0,3,2.0,0,Adult,1
39,18.0,18.0,1,2,0,3,2.0,0,Teen,3
40,14.0,11.2417,1,1,0,3,0.0,1,Teen,2
41,40.0,9.475,1,1,0,3,2.0,0,Adult,2
42,27.0,21.0,1,1,0,2,2.0,0,Adult,2
43,28.0,7.8958,0,0,0,3,0.0,0,Adult,1
44,3.0,41.5792,1,1,2,2,0.0,1,Child,4
45,19.0,7.8792,1,0,0,3,1.0,1,Adult,1
46,28.0,8.05,0,0,0,3,2.0,0,Adult,1
47,28.0,15.5,0,1,0,3,1.0,0,Adult,2
48,28.0,7.75,1,0,0,3,1.0,1,Adult,1
49,28.0,21.6792,0,2,0,3,0.0,0,Adult,3
50,18.0,17.8,1,1,0,3,2.0,0,Teen,2
51,7.0,39.6875,0,4,1,3,2.0,0,Child,6
52,21.0,7.8,0,0,0,3,2.0,0,Adult,1
53,49.0,76.7292,1,1,0,1,0.0,1,Adult,2
54,29.0,26.0,1,1,0,2,2.0,1,Adult,2
55,65.0,61.9792,0,0,1,1,0.0,0,Senior,2
56,28.0,35.5,0,0,0,1,2.0,1,Adult,1
57,21.0,10.5,1,0,0,2,2.0,1,Adult,1
58,28.5,7.2292,0,0,0,3,0.0,0,Adult,1
59,5.0,27.75,1,1,2,2,2.0,1,Child,4
60,11.0,46.9,0,5,2,3,2.0,0,Child,8
61,22.0,7.2292,0,0,0,3,0.0,0,Adult,1
62,38.0,80.0,1,0,0,1,2.0,1,Adult,1
63,45.0,83.475,0,1,0,1,2.0,0,Adult,2
64,4.0,27.9,0,3,2,3,2.0,0,Child,6
65,28.0,27.7208,0,0,0,1,0.0,0,Adult,1
66,28.0,15.2458,0,1,1,3,0.0,1,Adult,3
67,29.0,10.5,1,0,0,2,2.0,1,Adult,1
68,19.0,8.1583,0,0,0,3,2.0,0,Adult,1
69,17.0,7.925,1,4,2,3,2.0,1,Teen,7
70,26.0,8.6625,0,2,0,3,2.0,0,Adult,3
71,32.0,10.5,0,0,0,2,2.0,0,Adult,1
72,16.0,46.9,1,5,2,3,2.0,0,Teen,8
73,21.0,73.5,0,0,0,2,2.0,0,Adult,1
74,26.0,14.4542,0,1,0,3,0.0,0,Adult,2
75,32.0,56.4958,0,0,0,3,2.0,1,Adult,1
76,25.0,7.65,0,0,0,3,2.0,0,Adult,1
77,28.0,7.8958,0,0,0,3,2.0,0,Adult,1
78,28.0,8.05,0,0,0,3,2.0,0,Adult,1
79,0.83,29.0,0,0,2,2,2.0,1,Child,3
80,30.0,12.475,1,0,0,3,2.0,1,Adult,1
81,22.0,9.0,0,0,0,3,2.0,0,Adult,1
82,29.0,9.5,0,0,0,3,2.0,1,Adult,1
83,28.0,7.7875,1,0,0,3,1.0,1,Adult,1
84,28.0,47.1,0,0,0,1,2.0,0,Adult,1
85,17.0,10.5,1,0,0,2,2.0,1,Teen,1
86,33.0,15.85,1,3,0,3,2.0,1,Adult,4
87,16.0,34.375,0,1,3,3,2.0,0,Teen,5
88,28.0,8.05,0,0,0,3,2.0,0,Adult,1
89,23.0,263.0,1,3,2,1,2.0,1,Adult,6
90,24.0,8.05,0,0,0,3,2.0,0,Adult,1
91,29.0,8.05,0,0,0,3,2.0,0,Adult,1
92,20.0,7.8542,0,0,0,3,2.0,0,Adult,1
93,46.0,61.175,0,1,0,1,2.0,0,Adult,2
94,26.0,20.575,0,1,2,3,2.0,0,Adult,4
95,59.0,7.25,0,0,0,3,2.0,0,Adult,1
96,28.0,8.05,0,0,0,3,2.0,0,Adult,1
97,71.0,34.6542,0,0,0,1,0.0,0,Senior,1
98,23.0,63.3583,0,0,1,1,0.0,1,Adult,2
99,34.0,23.0,1,0,1,2,2.0,1,Adult,2
100,34.0,26.0,0,1,0,2,2.0,0,Adult,2
101,28.0,7.8958,1,0,0,3,2.0,0,Adult,1
102,28.0,7.8958,0,0,0,3,2.0,0,Adult,1
103,21.0,77.2875,0,0,1,1,2.0,0,Adult,2
104,33.0,8.6542,0,0,0,3,2.0,0,Adult,1
105,37.0,7.925,0,2,0,3,2.0,0,Adult,3
106,28.0,7.8958,0,0,0,3,2.0,0,Adult,1
107,21.0,7.65,1,0,0,3,2.0,1,Adult,1
108,28.0,7.775,0,0,0,3,2.0,1,Adult,1
109,38.0,7.8958,0,0,0,3,2.0,0,Adult,1
110,28.0,24.15,1,1,0,3,1.0,1,Adult,2
111,47.0,52.0,0,0,0,1,2.0,0,Adult,1
112,14.5,14.4542,1,1,0,3,0.0,0,Teen,2
113,22.0,8.05,0,0,0,3,2.0,0,Adult,1
114,20.0,9.825,1,1,0,3,2.0,0,Adult,2
115,17.0,14.4583,1,0,0,3,0.0,0,Teen,1
116,21.0,7.925,0,0,0,3,2.0,0,Adult,1
117,70.5,7.75,0,0,0,3,1.0,0,Senior,1
118,29.0,21.0,0,1,0,2,2.0,0,Adult,2
119,24.0,247.5208,0,0,1,1,0.0,0,Adult,2
120,2.0,31.275,1,4,2,3,2.0,0,Child,7
121,21.0,73.5,0,2,0,2,2.0,0,Adult,3
122,28.0,8.05,0,0,0,3,2.0,0,Adult,1
123,32.5,30.0708,0,1,0,2,0.0,0,Adult,2
124,32.5,13.0,1,0,0,2,2.0,1,Adult,1
125,54.0,77.2875,0,0,1,1,2.0,0,Adult,2
126,12.0,11.2417,0,1,0,3,0.0,1,Child,2
127,28.0,7.75,0,0,0,3,1.0,0,Adult,1
128,24.0,7.1417,0,0,0,3,2.0,1,Adult,1
129,28.0,22.3583,1,1,1,3,0.0,1,Adult,3
130,45.0,6.975,0,0,0,3,2.0,0,Adult,1
131,33.0,7.8958,0,0,0,3,0.0,0,Adult,1
132,20.0,7.05,0,0,0,3,2.0,0,Adult,1
133,47.0,14.5,1,1,0,3,2.0,0,Adult,2
134,29.0,26.0,1,1,0,2,2.0,1,Adult,2
135,25.0,13.0,0,0,0,2,2.0,0,Adult,1
136,23.0,15.0458,0,0,0,2,0.0,0,Adult,1
137,19.0,26.2833,1,0,2,1,2.0,1,Adult,3
138,37.0,53.1,0,1,0,1,2.0,0,Adult,2
139,16.0,9.2167,0,0,0,3,2.0,0,Teen,1
140,24.0,79.2,0,0,0,1,0.0,0,Adult,1
141,28.0,15.2458,1,0,2,3,0.0,0,Adult,3
142,22.0,7.75,1,0,0,3,2.0,1,Adult,1
143,24.0,15.85,1,1,0,3,2.0,1,Adult,2
144,19.0,6.75,0,0,0,3,1.0,0,Adult,1
145,18.0,11.5,0,0,0,2,2.0,0,Teen,1
146,19.0,36.75,0,1,1,2,2.0,0,Adult,3
147,27.0,7.7958,0,0,0,3,2.0,1,Adult,1
148,9.0,34.375,1,2,2,3,2.0,0,Child,5
149,36.5,26.0,0,0,2,2,2.0,0,Adult,3
150,42.0,13.0,0,0,0,2,2.0,0,Adult,1
151,51.0,12.525,0,0,0,2,2.0,0,Adult,1
152,22.0,66.6,1,1,0,1,2.0,1,Adult,2
153,55.5,8.05,0,0,0,3,2.0,0,Adult,1
154,40.5,14.5,0,0,2,3,2.0,0,Adult,3
155,28.0,7.3125,0,0,0,3,2.0,0,Adult,1
156,51.0,61.3792,0,0,1,1,0.0,0,Adult,2
157,16.0,7.7333,1,0,0,3,1.0,1,Teen,1
158,30.0,8.05,0,0,0,3,2.0,0,Adult,1
159,28.0,8.6625,0,0,0,3,2.0,0,Adult,1
160,28.0,69.55,0,8,2,3,2.0,0,Adult,11
161,44.0,16.1,0,0,1,3,2.0,0,Adult,2
162,40.0,15.75,1,0,0,2,2.0,1,Adult,1
163,26.0,7.775,0,0,0,3,2.0,0,Adult,1
164,17.0,8.6625,0,0,0,3,2.0,0,Teen,1
165,1.0,39.6875,0,4,1,3,2.0,0,Child,6
166,9.0,20.525,0,0,2,3,2.0,1,Child,3
167,28.0,55.0,1,0,1,1,2.0,1,Adult,2
168,45.0,27.9,1,1,4,3,2.0,0,Adult,6
169,28.0,25.925,0,0,0,1,2.0,0,Adult,1
170,28.0,56.4958,0,0,0,3,2.0,0,Adult,1
171,61.0,33.5,0,0,0,1,2.0,0,Senior,1
172,4.0,29.125,0,4,1,3,1.0,0,Child,6
173,1.0,11.1333,1,1,1,3,2.0,1,Child,3
174,21.0,7.925,0,0,0,3,2.0,0,Adult,1
175,56.0,30.6958,0,0,0,1,0.0,0,Adult,1
176,18.0,7.8542,0,1,1,3,2.0,0,Teen,3
177,28.0,25.4667,0,3,1,3,2.0,0,Adult,5
178,50.0,28.7125,1,0,0,1,0.0,0,Adult,1
179,30.0,13.0,0,0,0,2,2.0,0,Adult,1
180,36.0,0.0,0,0,0,3,2.0,0,Adult,1
181,28.0,69.55,1,8,2,3,2.0,0,Adult,11
182,28.0,15.05,0,0,0,2,0.0,0,Adult,1
183,9.0,31.3875,0,4,2,3,2.0,0,Child,7
184,1.0,39.0,0,2,1,2,2.0,1,Child,4
185,4.0,22.025,1,0,2,3,2.0,1,Child,3
186,28.0,50.0,0,0,0,1,2.0,0,Adult,1
187,28.0,15.5,1,1,0,3,1.0,1,Adult,2
188,45.0,26.55,0,0,0,1,2.0,1,Adult,1
189,40.0,15.5,0,1,1,3,1.0,0,Adult,3
190,36.0,7.8958,0,0,0,3,2.0,0,Adult,1
191,32.0,13.0,1,0,0,2,2.0,1,Adult,1
192,19.0,13.0,0,0,0,2,2.0,0,Adult,1
193,19.0,7.8542,1,1,0,3,2.0,1,Adult,2
194,3.0,26.0,0,1,1,2,2.0,1,Child,3
195,44.0,27.7208,1,0,0,1,0.0,1,Adult,1
196,58.0,146.5208,1,0,0,1,0.0,1,Adult,1
197,28.0,7.75,0,0,0,3,1.0,0,Adult,1
198,42.0,8.4042,0,0,1,3,2.0,0,Adult,2
199,28.0,7.75,1,0,0,3,1.0,1,Adult,1
200,24.0,13.0,1,0,0,2,2.0,0,Adult,1
201,28.0,9.5,0,0,0,3,2.0,0,Adult,1
202,28.0,69.55,0,8,2,3,2.0,0,Adult,11
203,34.0,6.4958,0,0,0,3,2.0,0,Adult,1
204,45.5,7.225,0,0,0,3,0.0,0,Adult,1
205,18.0,8.05,0,0,0,3,2.0,1,Teen,1
206,2.0,10.4625,1,0,1,3,2.0,0,Child,2
207,32.0,15.85,0,1,0,3,2.0,0,Adult,2
208,26.0,18.7875,0,0,0,3,0.0,1,Adult,1
209,16.0,7.75,1,0,0,3,1.0,1,Teen,1
210,40.0,31.0,0,0,0,1,0.0,1,Adult,1
211,24.0,7.05,0,0,0,3,2.0,0,Adult,1
212,35.0,21.0,1,0,0,2,2.0,1,Adult,1
213,22.0,7.25,0,0,0,3,2.0,0,Adult,1
214,30.0,13.0,0,0,0,2,2.0,0,Adult,1
215,28.0,7.75,0,1,0,3,1.0,0,Adult,2
216,31.0,113.275,1,1,0,1,0.0,1,Adult,2
217,27.0,7.925,1,0,0,3,2.0,1,Adult,1
218,42.0,27.0,0,1,0,2,2.0,0,Adult,2
219,32.0,76.2917,1,0,0,1,0.0,1,Adult,1
220,30.0,10.5,0,0,0,2,2.0,0,Adult,1
221,16.0,8.05,0,0,0,3,2.0,1,Teen,1
222,27.0,13.0,0,0,0,2,2.0,0,Adult,1
223,51.0,8.05,0,0,0,3,2.0,0,Adult,1
224,28.0,7.8958,0,0,0,3,2.0,0,Adult,1
225,38.0,90.0,0,1,0,1,2.0,1,Adult,2
226,22.0,9.35,0,0,0,3,2.0,0,Adult,1
227,19.0,10.5,0,0,0,2,2.0,1,Adult,1
228,20.5,7.25,0,0,0,3,2.0,0,Adult,1
229,18.0,13.0,0,0,0,2,2.0,0,Teen,1
230,28.0,25.4667,1,3,1,3,2.0,0,Adult,5
231,35.0,83.475,1,1,0,1,2.0,1,Adult,2
232,29.0,7.775,0,0,0,3,2.0,0,Adult,1
233,59.0,13.5,0,0,0,2,2.0,0,Adult,1
234,5.0,31.3875,1,4,2,3,2.0,1,Child,7
235,24.0,10.5,0,0,0,2,2.0,0,Adult,1
236,28.0,7.55,1,0,0,3,2.0,0,Adult,1
237,44.0,26.0,0,1,0,2,2.0,0,Adult,2
238,8.0,26.25,1,0,2,2,2.0,1,Child,3
239,19.0,10.5,0,0,0,2,2.0,0,Adult,1
240,33.0,12.275,0,0,0,2,2.0,0,Adult,1
241,28.0,14.4542,1,1,0,3,0.0,0,Adult,2
242,28.0,15.5,1,1,0,3,1.0,1,Adult,2
243,29.0,10.5,0,0,0,2,2.0,0,Adult,1
244,22.0,7.125,0,0,0,3,2.0,0,Adult,1
245,30.0,7.225,0,0,0,3,0.0,0,Adult,1
246,44.0,90.0,0,2,0,1,1.0,0,Adult,3
247,25.0,7.775,1,0,0,3,2.0,0,Adult,1
248,24.0,14.5,1,0,2,2,2.0,1,Adult,3
249,37.0,52.5542,0,1,1,1,2.0,1,Adult,3
250,54.0,26.0,0,1,0,2,2.0,0,Adult,2
251,28.0,7.25,0,0,0,3,2.0,0,Adult,1
252,29.0,10.4625,1,1,1,3,2.0,0,Adult,3
253,62.0,26.55,0,0,0,1,2.0,0,Senior,1
254,30.0,16.1,0,1,0,3,2.0,0,Adult,2
255,41.0,20.2125,1,0,2,3,2.0,0,Adult,3
256,29.0,15.2458,1,0,2,3,0.0,1,Adult,3
257,28.0,79.2,1,0,0,1,0.0,1,Adult,1
258,30.0,86.5,1,0,0,1,2.0,1,Adult,1
259,35.0,512.3292,1,0,0,1,0.0,1,Adult,1
260,50.0,26.0,1,0,1,2,2.0,1,Adult,2
261,28.0,7.75,0,0,0,3,1.0,0,Adult,1
262,3.0,31.3875,0,4,2,3,2.0,1,Child,7
263,52.0,79.65,0,1,1,1,2.0,0,Adult,3
264,40.0,0.0,0,0,0,1,2.0,0,Adult,1
265,28.0,7.75,1,0,0,3,1.0,0,Adult,1
266,36.0,10.5,0,0,0,2,2.0,0,Adult,1
267,16.0,39.6875,0,4,1,3,2.0,0,Teen,6
268,25.0,7.775,0,1,0,3,2.0,1,Adult,2
269,58.0,153.4625,1,0,1,1,2.0,1,Adult,2
270,35.0,135.6333,1,0,0,1,2.0,1,Adult,1
271,28.0,31.0,0,0,0,1,2.0,0,Adult,1
272,25.0,0.0,0,0,0,3,2.0,1,Adult,1
273,41.0,19.5,1,0,1,2,2.0,1,Adult,2
274,37.0,29.7,0,0,1,1,0.0,0,Adult,2
275,28.0,7.75,1,0,0,3,1.0,1,Adult,1
276,63.0,77.9583,1,1,0,1,2.0,1,Senior,2
277,45.0,7.75,1,0,0,3,2.0,0,Adult,1
278,28.0,0.0,0,0,0,2,2.0,0,Adult,1
279,7.0,29.125,0,4,1,3,1.0,0,Child,6
280,35.0,20.25,1,1,1,3,2.0,1,Adult,3
281,65.0,7.75,0,0,0,3,1.0,0,Senior,1
282,28.0,7.8542,0,0,0,3,2.0,0,Adult,1
283,16.0,9.5,0,0,0,3,2.0,0,Teen,1
284,19.0,8.05,0,0,0,3,2.0,1,Adult,1
285,28.0,26.0,0,0,0,1,2.0,0,Adult,1
286,33.0,8.6625,0,0,0,3,0.0,0,Adult,1
287,30.0,9.5,0,0,0,3,2.0,1,Adult,1
288,22.0,7.8958,0,0,0,3,2.0,0,Adult,1
289,42.0,13.0,0,0,0,2,2.0,1,Adult,1
290,22.0,7.75,1,0,0,3,1.0,1,Adult,1
291,26.0,78.85,1,0,0,1,2.0,1,Adult,1
292,19.0,91.0792,1,1,0,1,0.0,1,Adult,2
293,36.0,12.875,0,0,0,2,0.0,0,Adult,1
294,24.0,8.85,1,0,0,3,2.0,0,Adult,1
295,24.0,7.8958,0,0,0,3,2.0,0,Adult,1
296,28.0,27.7208,0,0,0,1,0.0,0,Adult,1
297,23.5,7.2292,0,0,0,3,0.0,0,Adult,1
298,2.0,151.55,1,1,2,1,2.0,0,Child,4
299,28.0,30.5,0,0,0,1,2.0,1,Adult,1
300,50.0,247.5208,1,0,1,1,0.0,1,Adult,2
301,28.0,7.75,1,0,0,3,1.0,1,Adult,1
302,28.0,23.25,0,2,0,3,1.0,1,Adult,3
303,19.0,0.0,0,0,0,3,2.0,0,Adult,1
304,28.0,12.35,1,0,0,2,1.0,1,Adult,1
305,28.0,8.05,0,0,0,3,2.0,0,Adult,1
306,0.92,151.55,0,1,2,1,2.0,1,Child,4
307,28.0,110.8833,1,0,0,1,0.0,1,Adult,1
308,17.0,108.9,1,1,0,1,0.0,1,Teen,2
309,30.0,24.0,0,1,0,2,0.0,0,Adult,2
310,30.0,56.9292,1,0,0,1,0.0,1,Adult,1
311,24.0,83.1583,1,0,0,1,0.0,1,Adult,1
312,18.0,262.375,1,2,2,1,0.0,1,Teen,5
313,26.0,26.0,1,1,1,2,2.0,0,Adult,3
314,28.0,7.8958,0,0,0,3,2.0,0,Adult,1
315,43.0,26.25,0,1,1,2,2.0,0,Adult,3
316,26.0,7.8542,1,0,0,3,2.0,1,Adult,1
317,24.0,26.0,1,1,0,2,2.0,1,Adult,2
318,54.0,14.0,0,0,0,2,2.0,0,Adult,1
319,31.0,164.8667,1,0,2,1,2.0,1,Adult,3
320,40.0,134.5,1,1,1,1,0.0,1,Adult,3
321,22.0,7.25,0,0,0,3,2.0,0,Adult,1
322,27.0,7.8958,0,0,0,3,2.0,0,Adult,1
323,30.0,12.35,1,0,0,2,1.0,1,Adult,1
324,22.0,29.0,1,1,1,2,2.0,1,Adult,3
325,28.0,69.55,0,8,2,3,2.0,0,Adult,11
326,36.0,135.6333,1,0,0,1,0.0,1,Adult,1
327,61.0,6.2375,0,0,0,3,2.0,0,Senior,1
328,36.0,13.0,1,0,0,2,2.0,1,Adult,1
329,31.0,20.525,1,1,1,3,2.0,1,Adult,3
330,16.0,57.9792,1,0,1,1,0.0,1,Teen,2
331,28.0,23.25,1,2,0,3,1.0,1,Adult,3
332,45.5,28.5,0,0,0,1,2.0,0,Adult,1
333,38.0,153.4625,0,0,1,1,2.0,0,Adult,2
334,16.0,18.0,0,2,0,3,2.0,0,Teen,3
335,28.0,133.65,1,1,0,1,2.0,1,Adult,2
336,28.0,7.8958,0,0,0,3,2.0,0,Adult,1
337,29.0,66.6,0,1,0,1,2.0,0,Adult,2
338,41.0,134.5,1,0,0,1,0.0,1,Adult,1
339,45.0,8.05,0,0,0,3,2.0,1,Adult,1
340,45.0,35.5,0,0,0,1,2.0,0,Adult,1
341,2.0,26.0,0,1,1,2,2.0,1,Child,3
342,24.0,263.0,1,3,2,1,2.0,1,Adult,6
343,28.0,13.0,0,0,0,2,2.0,0,Adult,1
344,25.0,13.0,0,0,0,2,2.0,0,Adult,1
345,36.0,13.0,0,0,0,2,2.0,0,Adult,1
346,24.0,13.0,1,0,0,2,2.0,1,Adult,1
347,40.0,13.0,1,0,0,2,2.0,1,Adult,1
348,28.0,16.1,1,1,0,3,2.0,1,Adult,2
349,3.0,15.9,0,1,1,3,2.0,1,Child,3
350,42.0,8.6625,0,0,0,3,2.0,0,Adult,1
351,23.0,9.225,0,0,0,3,2.0,0,Adult,1
352,28.0,35.0,0,0,0,1,2.0,0,Adult,1
353,15.0,7.2292,0,1,1,3,0.0,0,Teen,3
354,25.0,17.8,0,1,0,3,2.0,0,Adult,2
355,28.0,7.225,0,0,0,3,0.0,0,Adult,1
356,28.0,9.5,0,0,0,3,2.0,0,Adult,1
357,22.0,55.0,1,0,1,1,2.0,1,Adult,2
358,38.0,13.0,1,0,0,2,2.0,0,Adult,1
359,28.0,7.8792,1,0,0,3,1.0,1,Adult,1
360,28.0,7.8792,1,0,0,3,1.0,1,Adult,1
361,40.0,27.9,0,1,4,3,2.0,0,Adult,6
362,29.0,27.7208,0,1,0,2,0.0,0,Adult,2
363,45.0,14.4542,1,0,1,3,0.0,0,Adult,2
364,35.0,7.05,0,0,0,3,2.0,0,Adult,1
365,28.0,15.5,0,1,0,3,1.0,0,Adult,2
366,30.0,7.25,0,0,0,3,2.0,0,Adult,1
367,60.0,75.25,1,1,0,1,0.0,1,Adult,2
368,28.0,7.2292,1,0,0,3,0.0,1,Adult,1
369,28.0,7.75,1,0,0,3,1.0,1,Adult,1
370,24.0,69.3,1,0,0,1,0.0,1,Adult,1
371,25.0,55.4417,0,1,0,1,0.0,1,Adult,2
372,18.0,6.4958,0,1,0,3,2.0,0,Teen,2
373,19.0,8.05,0,0,0,3,2.0,0,Adult,1
374,22.0,135.6333,0,0,0,1,0.0,0,Adult,1
375,3.0,21.075,1,3,1,3,2.0,0,Child,5
376,28.0,82.1708,1,1,0,1,0.0,1,Adult,2
377,22.0,7.25,1,0,0,3,2.0,1,Adult,1
378,27.0,211.5,0,0,2,1,0.0,0,Adult,3
379,20.0,4.0125,0,0,0,3,0.0,0,Adult,1
380,19.0,7.775,0,0,0,3,2.0,0,Adult,1
381,42.0,227.525,1,0,0,1,0.0,1,Adult,1
382,1.0,15.7417,1,0,2,3,0.0,1,Child,3
383,32.0,7.925,0,0,0,3,2.0,0,Adult,1
384,35.0,52.0,1,1,0,1,2.0,1,Adult,2
385,28.0,7.8958,0,0,0,3,2.0,0,Adult,1
386,18.0,73.5,0,0,0,2,2.0,0,Teen,1
387,1.0,46.9,0,5,2,3,2.0,0,Child,8
388,36.0,13.0,1,0,0,2,2.0,1,Adult,1
389,28.0,7.7292,0,0,0,3,1.0,0,Adult,1
390,17.0,12.0,1,0,0,2,0.0,1,Teen,1
391,36.0,120.0,0,1,2,1,2.0,1,Adult,4
392,21.0,7.7958,0,0,0,3,2.0,1,Adult,1
393,28.0,7.925,0,2,0,3,2.0,0,Adult,3
394,23.0,113.275,1,1,0,1,0.0,1,Adult,2
395,24.0,16.7,1,0,2,3,2.0,1,Adult,3
396,22.0,7.7958,0,0,0,3,2.0,0,Adult,1
397,31.0,7.8542,1,0,0,3,2.0,0,Adult,1
398,46.0,26.0,0,0,0,2,2.0,0,Adult,1
399,23.0,10.5,0,0,0,2,2.0,0,Adult,1
400,28.0,12.65,1,0,0,2,2.0,1,Adult,1
401,39.0,7.925,0,0,0,3,2.0,1,Adult,1
402,26.0,8.05,0,0,0,3,2.0,0,Adult,1
403,21.0,9.825,1,1,0,3,2.0,0,Adult,2
404,28.0,15.85,0,1,0,3,2.0,0,Adult,2
405,20.0,8.6625,1,0,0,3,2.0,0,Adult,1
406,34.0,21.0,0,1,0,2,2.0,0,Adult,2
407,51.0,7.75,0,0,0,3,2.0,0,Adult,1
408,3.0,18.75,0,1,1,2,2.0,1,Child,3
409,21.0,7.775,0,0,0,3,2.0,0,Adult,1
410,28.0,25.4667,1,3,1,3,2.0,0,Adult,5
411,28.0,7.8958,0,0,0,3,2.0,0,Adult,1
412,28.0,6.8583,0,0,0,3,1.0,0,Adult,1
413,33.0,90.0,1,1,0,1,1.0,1,Adult,2
414,28.0,0.0,0,0,0,2,2.0,0,Adult,1
415,44.0,7.925,0,0,0,3,2.0,1,Adult,1
416,28.0,8.05,1,0,0,3,2.0,0,Adult,1
417,34.0,32.5,1,1,1,2,2.0,1,Adult,3
418,18.0,13.0,1,0,2,2,2.0,1,Teen,3
419,30.0,13.0,0,0,0,2,2.0,0,Adult,1
420,10.0,24.15,1,0,2,3,2.0,0,Child,3
421,28.0,7.8958,0,0,0,3,0.0,0,Adult,1
422,21.0,7.7333,0,0,0,3,1.0,0,Adult,1
423,29.0,7.875,0,0,0,3,2.0,0,Adult,1
424,28.0,14.4,1,1,1,3,2.0,0,Adult,3
425,18.0,20.2125,0,1,1,3,2.0,0,Teen,3
426,28.0,7.25,0,0,0,3,2.0,0,Adult,1
427,28.0,26.0,1,1,0,2,2.0,1,Adult,2
428,19.0,26.0,1,0,0,2,2.0,1,Adult,1
429,28.0,7.75,0,0,0,3,1.0,0,Adult,1
430,32.0,8.05,0,0,0,3,2.0,1,Adult,1
431,28.0,26.55,0,0,0,1,2.0,1,Adult,1
432,28.0,16.1,1,1,0,3,2.0,1,Adult,2
433,42.0,26.0,1,1,0,2,2.0,1,Adult,2
434,17.0,7.125,0,0,0,3,2.0,0,Teen,1
435,50.0,55.9,0,1,0,1,2.0,0,Adult,2
436,14.0,120.0,1,1,2,1,2.0,1,Teen,4
437,21.0,34.375,1,2,2,3,2.0,0,Adult,5
438,24.0,18.75,1,2,3,2,2.0,1,Adult,6
439,64.0,263.0,0,1,4,1,2.0,0,Senior,6
440,31.0,10.5,0,0,0,2,2.0,0,Adult,1
441,45.0,26.25,1,1,1,2,2.0,1,Adult,3
442,20.0,9.5,0,0,0,3,2.0,0,Adult,1
443,25.0,7.775,0,1,0,3,2.0,0,Adult,2
444,28.0,13.0,1,0,0,2,2.0,1,Adult,1
445,28.0,8.1125,0,0,0,3,2.0,1,Adult,1
446,4.0,81.8583,0,0,2,1,2.0,1,Child,3
447,13.0,19.5,1,0,1,2,2.0,1,Teen,2
448,34.0,26.55,0,0,0,1,2.0,1,Adult,1
449,5.0,19.2583,1,2,1,3,0.0,1,Child,4
450,52.0,30.5,0,0,0,1,2.0,1,Adult,1
451,36.0,27.75,0,1,2,2,2.0,0,Adult,4
452,28.0,19.9667,0,1,0,3,2.0,0,Adult,2
453,30.0,27.75,0,0,0,1,0.0,0,Adult,1
454,49.0,89.1042,0,1,0,1,0.0,1,Adult,2
455,28.0,8.05,0,0,0,3,2.0,0,Adult,1
456,29.0,7.8958,0,0,0,3,0.0,1,Adult,1
457,65.0,26.55,0,0,0,1,2.0,0,Senior,1
458,28.0,51.8625,1,1,0,1,2.0,1,Adult,2
459,50.0,10.5,1,0,0,2,2.0,1,Adult,1
460,28.0,7.75,0,0,0,3,1.0,0,Adult,1
461,48.0,26.55,0,0,0,1,2.0,1,Adult,1
462,34.0,8.05,0,0,0,3,2.0,0,Adult,1
463,47.0,38.5,0,0,0,1,2.0,0,Adult,1
464,48.0,13.0,0,0,0,2,2.0,0,Adult,1
465,28.0,8.05,0,0,0,3,2.0,0,Adult,1
466,38.0,7.05,0,0,0,3,2.0,0,Adult,1
467,28.0,0.0,0,0,0,2,2.0,0,Adult,1
468,56.0,26.55,0,0,0,1,2.0,0,Adult,1
469,28.0,7.725,0,0,0,3,1.0,0,Adult,1
470,0.75,19.2583,1,2,1,3,0.0,1,Child,4
471,28.0,7.25,0,0,0,3,2.0,0,Adult,1
472,38.0,8.6625,0,0,0,3,2.0,0,Adult,1
473,33.0,27.75,1,1,2,2,2.0,1,Adult,4
474,23.0,13.7917,1,0,0,2,0.0,1,Adult,1
475,22.0,9.8375,1,0,0,3,2.0,0,Adult,1
476,28.0,52.0,0,0,0,1,2.0,0,Adult,1
477,34.0,21.0,0,1,0,2,2.0,0,Adult,2
478,29.0,7.0458,0,1,0,3,2.0,0,Adult,2
479,22.0,7.5208,0,0,0,3,2.0,0,Adult,1
480,2.0,12.2875,1,0,1,3,2.0,1,Child,2
481,9.0,46.9,0,5,2,3,2.0,0,Child,8
482,28.0,0.0,0,0,0,2,2.0,0,Adult,1
483,50.0,8.05,0,0,0,3,2.0,0,Adult,1
484,63.0,9.5875,1,0,0,3,2.0,1,Senior,1
485,25.0,91.0792,0,1,0,1,0.0,1,Adult,2
486,28.0,25.4667,1,3,1,3,2.0,0,Adult,5
487,35.0,90.0,1,1,0,1,2.0,1,Adult,2
488,58.0,29.7,0,0,0,1,0.0,0,Adult,1
489,30.0,8.05,0,0,0,3,2.0,0,Adult,1
490,9.0,15.9,0,1,1,3,2.0,1,Child,3
491,28.0,19.9667,0,1,0,3,2.0,0,Adult,2
492,21.0,7.25,0,0,0,3,2.0,0,Adult,1
493,55.0,30.5,0,0,0,1,2.0,0,Adult,1
494,71.0,49.5042,0,0,0,1,0.0,0,Senior,1
495,21.0,8.05,0,0,0,3,2.0,0,Adult,1
496,28.0,14.4583,0,0,0,3,0.0,0,Adult,1
497,54.0,78.2667,1,1,0,1,0.0,1,Adult,2
498,28.0,15.1,0,0,0,3,2.0,0,Adult,1
499,25.0,151.55,1,1,2,1,2.0,0,Adult,4
500,24.0,7.7958,0,0,0,3,2.0,0,Adult,1
501,17.0,8.6625,0,0,0,3,2.0,0,Teen,1
502,21.0,7.75,1,0,0,3,1.0,0,Adult,1
503,28.0,7.6292,1,0,0,3,1.0,0,Adult,1
504,37.0,9.5875,1,0,0,3,2.0,0,Adult,1
505,16.0,86.5,1,0,0,1,2.0,1,Teen,1
506,18.0,108.9,0,1,0,1,0.0,0,Teen,2
507,33.0,26.0,1,0,2,2,2.0,1,Adult,3
508,28.0,26.55,0,0,0,1,2.0,1,Adult,1
509,28.0,22.525,0,0,0,3,2.0,0,Adult,1
510,26.0,56.4958,0,0,0,3,2.0,1,Adult,1
511,29.0,7.75,0,0,0,3,1.0,1,Adult,1
512,28.0,8.05,0,0,0,3,2.0,0,Adult,1
513,36.0,26.2875,0,0,0,1,2.0,1,Adult,1
514,54.0,59.4,1,1,0,1,0.0,1,Adult,2
515,24.0,7.4958,0,0,0,3,2.0,0,Adult,1
516,47.0,34.0208,0,0,0,1,2.0,0,Adult,1
517,34.0,10.5,1,0,0,2,2.0,1,Adult,1
518,28.0,24.15,0,0,0,3,1.0,0,Adult,1
519,36.0,26.0,1,1,0,2,2.0,1,Adult,2
520,32.0,7.8958,0,0,0,3,2.0,0,Adult,1
521,30.0,93.5,1,0,0,1,2.0,1,Adult,1
522,22.0,7.8958,0,0,0,3,2.0,0,Adult,1
523,28.0,7.225,0,0,0,3,0.0,0,Adult,1
524,44.0,57.9792,1,0,1,1,0.0,1,Adult,2
525,28.0,7.2292,0,0,0,3,0.0,0,Adult,1
526,40.5,7.75,0,0,0,3,1.0,0,Adult,1
527,50.0,10.5,1,0,0,2,2.0,1,Adult,1
528,28.0,221.7792,0,0,0,1,2.0,0,Adult,1
529,39.0,7.925,0,0,0,3,2.0,0,Adult,1
530,23.0,11.5,0,2,1,2,2.0,0,Adult,4
531,2.0,26.0,1,1,1,2,2.0,1,Child,3
532,28.0,7.2292,0,0,0,3,0.0,0,Adult,1
533,17.0,7.2292,0,1,1,3,0.0,0,Teen,3
534,28.0,22.3583,1,0,2,3,0.0,1,Adult,3
535,30.0,8.6625,1,0,0,3,2.0,0,Adult,1
536,7.0,26.25,1,0,2,2,2.0,1,Child,3
537,45.0,26.55,0,0,0,1,2.0,0,Adult,1
538,30.0,106.425,1,0,0,1,0.0,1,Adult,1
539,28.0,14.5,0,0,0,3,2.0,0,Adult,1
540,22.0,49.5,1,0,2,1,0.0,1,Adult,3
541,36.0,71.0,1,0,2,1,2.0,1,Adult,3
542,9.0,31.275,1,4,2,3,2.0,0,Child,7
543,11.0,31.275,1,4,2,3,2.0,0,Child,7
544,32.0,26.0,0,1,0,2,2.0,1,Adult,2
545,50.0,106.425,0,1,0,1,0.0,0,Adult,2
546,64.0,26.0,0,0,0,1,2.0,0,Senior,1
547,19.0,26.0,1,1,0,2,2.0,1,Adult,2
548,28.0,13.8625,0,0,0,2,0.0,1,Adult,1
549,33.0,20.525,0,1,1,3,2.0,0,Adult,3
550,8.0,36.75,0,1,1,2,2.0,1,Child,3
551,17.0,110.8833,0,0,2,1,0.0,1,Teen,3
552,27.0,26.0,0,0,0,2,2.0,0,Adult,1
553,28.0,7.8292,0,0,0,3,1.0,0,Adult,1
554,22.0,7.225,0,0,0,3,0.0,1,Adult,1
555,22.0,7.775,1,0,0,3,2.0,1,Adult,1
556,62.0,26.55,0,0,0,1,2.0,0,Senior,1
557,48.0,39.6,1,1,0,1,0.0,1,Adult,2
558,28.0,227.525,0,0,0,1,0.0,0,Adult,1
559,39.0,79.65,1,1,1,1,2.0,1,Adult,3
560,36.0,17.4,1,1,0,3,2.0,1,Adult,2
561,28.0,7.75,0,0,0,3,1.0,0,Adult,1
562,40.0,7.8958,0,0,0,3,2.0,0,Adult,1
563,28.0,13.5,0,0,0,2,2.0,0,Adult,1
564,28.0,8.05,0,0,0,3,2.0,0,Adult,1
565,28.0,8.05,1,0,0,3,2.0,0,Adult,1
566,24.0,24.15,0,2,0,3,2.0,0,Adult,3
567,19.0,7.8958,0,0,0,3,2.0,0,Adult,1
568,29.0,21.075,1,0,4,3,2.0,0,Adult,5
569,28.0,7.2292,0,0,0,3,0.0,0,Adult,1
570,32.0,7.8542,0,0,0,3,2.0,1,Adult,1
571,62.0,10.5,0,0,0,2,2.0,1,Senior,1
572,53.0,51.4792,1,2,0,1,2.0,1,Adult,3
573,36.0,26.3875,0,0,0,1,2.0,1,Adult,1
574,28.0,7.75,1,0,0,3,1.0,1,Adult,1
575,16.0,8.05,0,0,0,3,2.0,0,Teen,1
576,19.0,14.5,0,0,0,3,2.0,0,Adult,1
577,34.0,13.0,1,0,0,2,2.0,1,Adult,1
578,39.0,55.9,1,1,0,1,2.0,1,Adult,2
579,28.0,14.4583,1,1,0,3,0.0,0,Adult,2
580,32.0,7.925,0,0,0,3,2.0,1,Adult,1
581,25.0,30.0,1,1,1,2,2.0,1,Adult,3
582,39.0,110.8833,1,1,1,1,0.0,1,Adult,3
583,54.0,26.0,0,0,0,2,2.0,0,Adult,1
584,36.0,40.125,0,0,0,1,0.0,0,Adult,1
585,28.0,8.7125,0,0,0,3,0.0,0,Adult,1
586,18.0,79.65,1,0,2,1,2.0,1,Teen,3
587,47.0,15.0,0,0,0,2,2.0,0,Adult,1
588,60.0,79.2,0,1,1,1,0.0,1,Adult,3
589,22.0,8.05,0,0,0,3,2.0,0,Adult,1
590,28.0,8.05,0,0,0,3,2.0,0,Adult,1
591,35.0,7.125,0,0,0,3,2.0,0,Adult,1
592,52.0,78.2667,1,1,0,1,0.0,1,Adult,2
593,47.0,7.25,0,0,0,3,2.0,0,Adult,1
594,28.0,7.75,1,0,2,3,1.0,0,Adult,3
595,37.0,26.0,0,1,0,2,2.0,0,Adult,2
596,36.0,24.15,0,1,1,3,2.0,0,Adult,3
597,28.0,33.0,1,0,0,2,2.0,1,Adult,1
598,49.0,0.0,0,0,0,3,2.0,0,Adult,1
599,28.0,7.225,0,0,0,3,0.0,0,Adult,1
600,49.0,56.9292,0,1,0,1,0.0,1,Adult,2
601,24.0,27.0,1,2,1,2,2.0,1,Adult,4
602,28.0,7.8958,0,0,0,3,2.0,0,Adult,1
603,28.0,42.4,0,0,0,1,2.0,0,Adult,1
604,44.0,8.05,0,0,0,3,2.0,0,Adult,1
605,35.0,26.55,0,0,0,1,0.0,1,Adult,1
606,36.0,15.55,0,1,0,3,2.0,0,Adult,2
607,30.0,7.8958,0,0,0,3,2.0,0,Adult,1
608,27.0,30.5,0,0,0,1,2.0,1,Adult,1
609,22.0,41.5792,1,1,2,2,0.0,1,Adult,4
610,40.0,153.4625,1,0,0,1,2.0,1,Adult,1
611,39.0,31.275,1,1,5,3,2.0,0,Adult,7
612,28.0,7.05,0,0,0,3,2.0,0,Adult,1
613,28.0,15.5,1,1,0,3,1.0,1,Adult,2
614,28.0,7.75,0,0,0,3,1.0,0,Adult,1
615,35.0,8.05,0,0,0,3,2.0,0,Adult,1
616,24.0,65.0,1,1,2,2,2.0,1,Adult,4
617,34.0,14.4,0,1,1,3,2.0,0,Adult,3
618,26.0,16.1,1,1,0,3,2.0,0,Adult,2
619,4.0,39.0,1,2,1,2,2.0,1,Child,4
620,26.0,10.5,0,0,0,2,2.0,0,Adult,1
621,27.0,14.4542,0,1,0,3,0.0,0,Adult,2
622,42.0,52.5542,0,1,0,1,2.0,1,Adult,2
623,20.0,15.7417,0,1,1,3,0.0,1,Adult,3
624,21.0,7.8542,0,0,0,3,2.0,0,Adult,1
625,21.0,16.1,0,0,0,3,2.0,0,Adult,1
626,61.0,32.3208,0,0,0,1,2.0,0,Senior,1
627,57.0,12.35,0,0,0,2,1.0,0,Adult,1
628,21.0,77.9583,1,0,0,1,2.0,1,Adult,1
629,26.0,7.8958,0,0,0,3,2.0,0,Adult,1
630,28.0,7.7333,0,0,0,3,1.0,0,Adult,1
631,80.0,30.0,0,0,0,1,2.0,1,Senior,1
632,51.0,7.0542,0,0,0,3,2.0,0,Adult,1
633,32.0,30.5,0,0,0,1,0.0,1,Adult,1
634,28.0,0.0,0,0,0,1,2.0,0,Adult,1
635,9.0,27.9,1,3,2,3,2.0,0,Child,6
636,28.0,13.0,1,0,0,2,2.0,1,Adult,1
637,32.0,7.925,0,0,0,3,2.0,0,Adult,1
638,31.0,26.25,0,1,1,2,2.0,0,Adult,3
639,41.0,39.6875,1,0,5,3,2.0,0,Adult,6
640,28.0,16.1,0,1,0,3,2.0,0,Adult,2
641,20.0,7.8542,0,0,0,3,2.0,0,Adult,1
642,24.0,69.3,1,0,0,1,0.0,1,Adult,1
643,2.0,27.9,1,3,2,3,2.0,0,Child,6
644,28.0,56.4958,0,0,0,3,2.0,1,Adult,1
645,0.75,19.2583,1,2,1,3,0.0,1,Child,4
646,48.0,76.7292,0,1,0,1,0.0,1,Adult,2
647,19.0,7.8958,0,0,0,3,2.0,0,Adult,1
648,56.0,35.5,0,0,0,1,0.0,1,Adult,1
649,28.0,7.55,0,0,0,3,2.0,0,Adult,1
650,23.0,7.55,1,0,0,3,2.0,1,Adult,1
651,28.0,7.8958,0,0,0,3,2.0,0,Adult,1
652,18.0,23.0,1,0,1,2,2.0,1,Teen,2
653,21.0,8.4333,0,0,0,3,2.0,0,Adult,1
654,28.0,7.8292,1,0,0,3,1.0,1,Adult,1
655,18.0,6.75,1,0,0,3,1.0,0,Teen,1
656,24.0,73.5,0,2,0,2,2.0,0,Adult,3
657,28.0,7.8958,0,0,0,3,2.0,0,Adult,1
658,32.0,15.5,1,1,1,3,1.0,0,Adult,3
659,23.0,13.0,0,0,0,2,2.0,0,Adult,1
660,58.0,113.275,0,0,2,1,0.0,0,Adult,3
661,50.0,133.65,0,2,0,1,2.0,1,Adult,3
662,40.0,7.225,0,0,0,3,0.0,0,Adult,1
663,47.0,25.5875,0,0,0,1,2.0,0,Adult,1
664,36.0,7.4958,0,0,0,3,2.0,0,Adult,1
665,20.0,7.925,0,1,0,3,2.0,1,Adult,2
666,32.0,73.5,0,2,0,2,2.0,0,Adult,3
667,25.0,13.0,0,0,0,2,2.0,0,Adult,1
668,28.0,7.775,0,0,0,3,2.0,0,Adult,1
669,43.0,8.05,0,0,0,3,2.0,0,Adult,1
670,28.0,52.0,1,1,0,1,2.0,1,Adult,2
671,40.0,39.0,1,1,1,2,2.0,1,Adult,3
672,31.0,52.0,0,1,0,1,2.0,0,Adult,2
673,70.0,10.5,0,0,0,2,2.0,0,Senior,1
674,31.0,13.0,0,0,0,2,2.0,1,Adult,1
675,28.0,0.0,0,0,0,2,2.0,0,Adult,1
676,18.0,7.775,0,0,0,3,2.0,0,Teen,1
677,24.5,8.05,0,0,0,3,2.0,0,Adult,1
678,18.0,9.8417,1,0,0,3,2.0,1,Teen,1
679,43.0,46.9,1,1,6,3,2.0,0,Adult,8
680,36.0,512.3292,0,0,1,1,0.0,1,Adult,2
681,28.0,8.1375,1,0,0,3,1.0,0,Adult,1
682,27.0,76.7292,0,0,0,1,0.0,1,Adult,1
683,20.0,9.225,0,0,0,3,2.0,0,Adult,1
684,14.0,46.9,0,5,2,3,2.0,0,Teen,8
685,60.0,39.0,0,1,1,2,2.0,0,Adult,3
686,25.0,41.5792,0,1,2,2,0.0,0,Adult,4
687,14.0,39.6875,0,4,1,3,2.0,0,Teen,6
688,19.0,10.1708,0,0,0,3,2.0,0,Adult,1
689,18.0,7.7958,0,0,0,3,2.0,0,Teen,1
690,15.0,211.3375,1,0,1,1,2.0,1,Teen,2
691,31.0,57.0,0,1,0,1,2.0,1,Adult,2
692,4.0,13.4167,1,0,1,3,0.0,1,Child,2
693,28.0,56.4958,0,0,0,3,2.0,1,Adult,1
694,25.0,7.225,0,0,0,3,0.0,0,Adult,1
695,60.0,26.55,0,0,0,1,2.0,0,Adult,1
696,52.0,13.5,0,0,0,2,2.0,0,Adult,1
697,44.0,8.05,0,0,0,3,2.0,0,Adult,1
698,28.0,7.7333,1,0,0,3,1.0,1,Adult,1
699,49.0,110.8833,0,1,1,1,0.0,0,Adult,3
700,42.0,7.65,0,0,0,3,2.0,0,Adult,1
701,18.0,227.525,1,1,0,1,0.0,1,Teen,2
702,35.0,26.2875,0,0,0,1,2.0,1,Adult,1
703,18.0,14.4542,1,0,1,3,0.0,0,Teen,2
704,25.0,7.7417,0,0,0,3,1.0,0,Adult,1
705,26.0,7.8542,0,1,0,3,2.0,0,Adult,2
706,39.0,26.0,0,0,0,2,2.0,0,Adult,1
707,45.0,13.5,1,0,0,2,2.0,1,Adult,1
708,42.0,26.2875,0,0,0,1,2.0,1,Adult,1
709,22.0,151.55,1,0,0,1,2.0,1,Adult,1
710,28.0,15.2458,0,1,1,3,0.0,1,Adult,3
711,24.0,49.5042,1,0,0,1,0.0,1,Adult,1
712,28.0,26.55,0,0,0,1,2.0,0,Adult,1
713,48.0,52.0,0,1,0,1,2.0,1,Adult,2
714,29.0,9.4833,0,0,0,3,2.0,0,Adult,1
715,52.0,13.0,0,0,0,2,2.0,0,Adult,1
716,19.0,7.65,0,0,0,3,2.0,0,Adult,1
717,38.0,227.525,1,0,0,1,0.0,1,Adult,1
718,27.0,10.5,1,0,0,2,2.0,1,Adult,1
719,28.0,15.5,0,0,0,3,1.0,0,Adult,1
720,33.0,7.775,0,0,0,3,2.0,0,Adult,1
721,6.0,33.0,1,0,1,2,2.0,1,Child,2
722,17.0,7.0542,0,1,0,3,2.0,0,Teen,2
723,34.0,13.0,0,0,0,2,2.0,0,Adult,1
724,50.0,13.0,0,0,0,2,2.0,0,Adult,1
725,27.0,53.1,0,1,0,1,2.0,1,Adult,2
726,20.0,8.6625,0,0,0,3,2.0,0,Adult,1
727,30.0,21.0,1,3,0,2,2.0,1,Adult,4
728,28.0,7.7375,1,0,0,3,1.0,1,Adult,1
729,25.0,26.0,0,1,0,2,2.0,0,Adult,2
730,25.0,7.925,1,1,0,3,2.0,0,Adult,2
731,29.0,211.3375,1,0,0,1,2.0,1,Adult,1
732,11.0,18.7875,0,0,0,3,0.0,0,Child,1
733,28.0,0.0,0,0,0,2,2.0,0,Adult,1
734,23.0,13.0,0,0,0,2,2.0,0,Adult,1
735,23.0,13.0,0,0,0,2,2.0,0,Adult,1
736,28.5,16.1,0,0,0,3,2.0,0,Adult,1
737,48.0,34.375,1,1,3,3,2.0,0,Adult,5
738,35.0,512.3292,0,0,0,1,0.0,1,Adult,1
739,28.0,7.8958,0,0,0,3,2.0,0,Adult,1
740,28.0,7.8958,0,0,0,3,2.0,0,Adult,1
741,28.0,30.0,0,0,0,1,2.0,1,Adult,1
742,36.0,78.85,0,1,0,1,2.0,0,Adult,2
743,21.0,262.375,1,2,2,1,0.0,1,Adult,5
744,24.0,16.1,0,1,0,3,2.0,0,Adult,2
745,31.0,7.925,0,0,0,3,2.0,1,Adult,1
746,70.0,71.0,0,1,1,1,2.0,0,Senior,3
747,16.0,20.25,0,1,1,3,2.0,0,Teen,3
748,30.0,13.0,1,0,0,2,2.0,1,Adult,1
749,19.0,53.1,0,1,0,1,2.0,0,Adult,2
750,31.0,7.75,0,0,0,3,1.0,0,Adult,1
751,4.0,23.0,1,1,1,2,2.0,1,Child,3
752,6.0,12.475,0,0,1,3,2.0,1,Child,2
753,33.0,9.5,0,0,0,3,2.0,0,Adult,1
754,23.0,7.8958,0,0,0,3,2.0,0,Adult,1
755,48.0,65.0,1,1,2,2,2.0,1,Adult,4
756,0.67,14.5,0,1,1,2,2.0,1,Child,3
757,28.0,7.7958,0,0,0,3,2.0,0,Adult,1
758,18.0,11.5,0,0,0,2,2.0,0,Teen,1
759,34.0,8.05,0,0,0,3,2.0,0,Adult,1
760,33.0,86.5,1,0,0,1,2.0,1,Adult,1
761,28.0,14.5,0,0,0,3,2.0,0,Adult,1
762,41.0,7.125,0,0,0,3,2.0,0,Adult,1
763,20.0,7.2292,0,0,0,3,0.0,1,Adult,1
764,36.0,120.0,1,1,2,1,2.0,1,Adult,4
765,16.0,7.775,0,0,0,3,2.0,0,Teen,1
766,51.0,77.9583,1,1,0,1,2.0,1,Adult,2
767,28.0,39.6,0,0,0,1,0.0,0,Adult,1
768,30.5,7.75,1,0,0,3,1.0,0,Adult,1
769,28.0,24.15,0,1,0,3,1.0,0,Adult,2
770,32.0,8.3625,0,0,0,3,2.0,0,Adult,1
771,24.0,9.5,0,0,0,3,2.0,0,Adult,1
772,48.0,7.8542,0,0,0,3,2.0,0,Adult,1
773,57.0,10.5,1,0,0,2,2.0,0,Adult,1
774,28.0,7.225,0,0,0,3,0.0,0,Adult,1
775,54.0,23.0,1,1,3,2,2.0,1,Adult,5
776,18.0,7.75,0,0,0,3,2.0,0,Teen,1
777,28.0,7.75,0,0,0,3,1.0,0,Adult,1
778,5.0,12.475,1,0,0,3,2.0,1,Child,1
779,28.0,7.7375,0,0,0,3,1.0,0,Adult,1
780,43.0,211.3375,1,0,1,1,2.0,1,Adult,2
781,13.0,7.2292,1,0,0,3,0.0,1,Teen,1
782,17.0,57.0,1,1,0,1,2.0,1,Teen,2
783,29.0,30.0,0,0,0,1,2.0,0,Adult,1
784,28.0,23.45,0,1,2,3,2.0,0,Adult,4
785,25.0,7.05,0,0,0,3,2.0,0,Adult,1
786,25.0,7.25,0,0,0,3,2.0,0,Adult,1
787,18.0,7.4958,1,0,0,3,2.0,1,Teen,1
788,8.0,29.125,0,4,1,3,1.0,0,Child,6
789,1.0,20.575,0,1,2,3,2.0,1,Child,4
790,46.0,79.2,0,0,0,1,0.0,0,Adult,1
791,28.0,7.75,0,0,0,3,1.0,0,Adult,1
792,16.0,26.0,0,0,0,2,2.0,0,Teen,1
793,28.0,69.55,1,8,2,3,2.0,0,Adult,11
794,28.0,30.6958,0,0,0,1,0.0,0,Adult,1
795,25.0,7.8958,0,0,0,3,2.0,0,Adult,1
796,39.0,13.0,0,0,0,2,2.0,0,Adult,1
797,49.0,25.9292,1,0,0,1,2.0,1,Adult,1
798,31.0,8.6833,1,0,0,3,2.0,1,Adult,1
799,30.0,7.2292,0,0,0,3,0.0,0,Adult,1
800,30.0,24.15,1,1,1,3,2.0,0,Adult,3
801,34.0,13.0,0,0,0,2,2.0,0,Adult,1
802,31.0,26.25,1,1,1,2,2.0,1,Adult,3
803,11.0,120.0,0,1,2,1,2.0,1,Child,4
804,0.42,8.5167,0,0,1,3,0.0,1,Child,2
805,27.0,6.975,0,0,0,3,2.0,1,Adult,1
806,31.0,7.775,0,0,0,3,2.0,0,Adult,1
807,39.0,0.0,0,0,0,1,2.0,0,Adult,1
808,18.0,7.775,1,0,0,3,2.0,0,Teen,1
809,39.0,13.0,0,0,0,2,2.0,0,Adult,1
810,33.0,53.1,1,1,0,1,2.0,1,Adult,2
811,26.0,7.8875,0,0,0,3,2.0,0,Adult,1
812,39.0,24.15,0,0,0,3,2.0,0,Adult,1
813,35.0,10.5,0,0,0,2,2.0,0,Adult,1
814,6.0,31.275,1,4,2,3,2.0,0,Child,7
815,30.5,8.05,0,0,0,3,2.0,0,Adult,1
816,28.0,0.0,0,0,0,1,2.0,0,Adult,1
817,23.0,7.925,1,0,0,3,2.0,0,Adult,1
818,31.0,37.0042,0,1,1,2,0.0,0,Adult,3
819,43.0,6.45,0,0,0,3,2.0,0,Adult,1
820,10.0,27.9,0,3,2,3,2.0,0,Child,6
821,52.0,93.5,1,1,1,1,2.0,1,Adult,3
822,27.0,8.6625,0,0,0,3,2.0,1,Adult,1
823,38.0,0.0,0,0,0,1,2.0,0,Adult,1
824,27.0,12.475,1,0,1,3,2.0,1,Adult,2
825,2.0,39.6875,0,4,1,3,2.0,0,Child,6
826,28.0,6.95,0,0,0,3,1.0,0,Adult,1
827,28.0,56.4958,0,0,0,3,2.0,0,Adult,1
828,1.0,37.0042,0,0,2,2,0.0,1,Child,3
829,28.0,7.75,0,0,0,3,1.0,1,Adult,1
830,62.0,80.0,1,0,0,1,2.0,1,Senior,1
831,15.0,14.4542,1,1,0,3,0.0,1,Teen,2
832,0.83,18.75,0,1,1,2,2.0,1,Child,3
833,28.0,7.2292,0,0,0,3,0.0,0,Adult,1
834,23.0,7.8542,0,0,0,3,2.0,0,Adult,1
835,18.0,8.3,0,0,0,3,2.0,0,Teen,1
836,39.0,83.1583,1,1,1,1,0.0,1,Adult,3
837,21.0,8.6625,0,0,0,3,2.0,0,Adult,1
838,28.0,8.05,0,0,0,3,2.0,0,Adult,1
839,32.0,56.4958,0,0,0,3,2.0,1,Adult,1
840,28.0,29.7,0,0,0,1,0.0,1,Adult,1
841,20.0,7.925,0,0,0,3,2.0,0,Adult,1
842,16.0,10.5,0,0,0,2,2.0,0,Teen,1
843,30.0,31.0,1,0,0,1,0.0,1,Adult,1
844,34.5,6.4375,0,0,0,3,0.0,0,Adult,1
845,17.0,8.6625,0,0,0,3,2.0,0,Teen,1
846,42.0,7.55,0,0,0,3,2.0,0,Adult,1
847,28.0,69.55,0,8,2,3,2.0,0,Adult,11
848,35.0,7.8958,0,0,0,3,0.0,0,Adult,1
849,28.0,33.0,0,0,1,2,2.0,0,Adult,2
850,28.0,89.1042,1,1,0,1,0.0,1,Adult,2
851,4.0,31.275,0,4,2,3,2.0,0,Child,7
852,74.0,7.775,0,0,0,3,2.0,0,Senior,1
853,9.0,15.2458,1,1,1,3,0.0,0,Child,3
854,16.0,39.4,1,0,1,1,2.0,1,Teen,2
855,44.0,26.0,1,1,0,2,2.0,0,Adult,2
856,18.0,9.35,1,0,1,3,2.0,1,Teen,2
857,45.0,164.8667,1,1,1,1,2.0,1,Adult,3
858,51.0,26.55,0,0,0,1,2.0,1,Adult,1
859,24.0,19.2583,1,0,3,3,0.0,1,Adult,4
860,28.0,7.2292,0,0,0,3,0.0,0,Adult,1
861,41.0,14.1083,0,2,0,3,2.0,0,Adult,3
862,21.0,11.5,0,1,0,2,2.0,0,Adult,2
863,48.0,25.9292,1,0,0,1,2.0,1,Adult,1
864,28.0,69.55,1,8,2,3,2.0,0,Adult,11
865,24.0,13.0,0,0,0,2,2.0,0,Adult,1
866,42.0,13.0,1,0,0,2,2.0,1,Adult,1
867,27.0,13.8583,1,1,0,2,0.0,1,Adult,2
868,31.0,50.4958,0,0,0,1,2.0,0,Adult,1
869,28.0,9.5,0,0,0,3,2.0,0,Adult,1
870,4.0,11.1333,0,1,1,3,2.0,1,Child,3
871,26.0,7.8958,0,0,0,3,2.0,0,Adult,1
872,47.0,52.5542,1,1,1,1,2.0,1,Adult,3
873,33.0,5.0,0,0,0,1,2.0,0,Adult,1
874,47.0,9.0,0,0,0,3,2.0,0,Adult,1
875,28.0,24.0,1,1,0,2,0.0,1,Adult,2
876,15.0,7.225,1,0,0,3,0.0,1,Teen,1
877,20.0,9.8458,0,0,0,3,2.0,0,Adult,1
878,19.0,7.8958,0,0,0,3,2.0,0,Adult,1
879,28.0,7.8958,0,0,0,3,2.0,0,Adult,1
880,56.0,83.1583,1,0,1,1,0.0,1,Adult,2
881,25.0,26.0,1,0,1,2,2.0,1,Adult,2
882,33.0,7.8958,0,0,0,3,2.0,0,Adult,1
883,22.0,10.5167,1,0,0,3,2.0,0,Adult,1
884,28.0,10.5,0,0,0,2,2.0,0,Adult,1
885,25.0,7.05,0,0,0,3,2.0,0,Adult,1
886,39.0,29.125,1,0,5,3,1.0,0,Adult,6
887,27.0,13.0,0,0,0,2,2.0,0,Adult,1
888,19.0,30.0,1,0,0,1,2.0,1,Adult,1
889,28.0,23.45,1,1,2,3,2.0,0,Adult,4
890,26.0,30.0,0,0,0,1,0.0,1,Adult,1
891,32.0,7.75,0,0,0,3,1.0,0,Adult,1
892,34.5,7.8292,0,0,0,3,1.0,0,Adult,1
893,47.0,7.0,1,1,0,3,2.0,0,Adult,2
894,62.0,9.6875,0,0,0,2,1.0,0,Senior,1
895,27.0,8.6625,0,0,0,3,2.0,0,Adult,1
896,22.0,12.2875,1,1,1,3,2.0,0,Adult,3
897,14.0,9.225,0,0,0,3,2.0,0,Teen,1
898,30.0,7.6292,1,0,0,3,1.0,0,Adult,1
899,26.0,29.0,0,1,1,2,2.0,0,Adult,3
900,18.0,7.2292,1,0,0,3,0.0,0,Teen,1
901,21.0,24.15,0,2,0,3,2.0,0,Adult,3
902,28.0,7.8958,0,0,0,3,2.0,0,Adult,1
903,46.0,26.0,0,0,0,1,2.0,0,Adult,1
904,23.0,82.2667,1,1,0,1,2.0,0,Adult,2
905,63.0,26.0,0,1,0,2,2.0,0,Senior,2
906,47.0,61.175,1,1,0,1,2.0,0,Adult,2
907,24.0,27.7208,1,1,0,2,0.0,0,Adult,2
908,35.0,12.35,0,0,0,2,1.0,0,Adult,1
909,21.0,7.225,0,0,0,3,0.0,0,Adult,1
910,27.0,7.925,1,1,0,3,2.0,0,Adult,2
911,45.0,7.225,1,0,0,3,0.0,0,Adult,1
912,55.0,59.4,0,1,0,1,0.0,0,Adult,2
913,9.0,3.1708,0,0,1,3,2.0,0,Child,2
914,28.0,31.6833,1,0,0,1,2.0,0,Adult,1
915,21.0,61.3792,0,0,1,1,0.0,0,Adult,2
916,48.0,262.375,1,1,3,1,0.0,0,Adult,5
917,50.0,14.5,0,1,0,3,2.0,0,Adult,2
918,22.0,61.9792,1,0,1,1,0.0,0,Adult,2
919,22.5,7.225,0,0,0,3,0.0,0,Adult,1
920,41.0,30.5,0,0,0,1,2.0,0,Adult,1
921,28.0,21.6792,0,2,0,3,0.0,0,Adult,3
922,50.0,26.0,0,1,0,2,2.0,0,Adult,2
923,24.0,31.5,0,2,0,2,2.0,0,Adult,3
924,33.0,20.575,1,1,2,3,2.0,0,Adult,4
925,28.0,23.45,1,1,2,3,2.0,0,Adult,4
926,30.0,57.75,0,1,0,1,0.0,0,Adult,2
927,18.5,7.2292,0,0,0,3,0.0,0,Adult,1
928,28.0,8.05,1,0,0,3,2.0,0,Adult,1
929,21.0,8.6625,1,0,0,3,2.0,0,Adult,1
930,25.0,9.5,0,0,0,3,2.0,0,Adult,1
931,28.0,56.4958,0,0,0,3,2.0,0,Adult,1
932,39.0,13.4167,0,0,1,3,0.0,0,Adult,2
933,28.0,26.55,0,0,0,1,2.0,0,Adult,1
934,41.0,7.85,0,0,0,3,2.0,0,Adult,1
935,30.0,13.0,1,0,0,2,2.0,0,Adult,1
936,45.0,52.5542,1,1,0,1,2.0,0,Adult,2
937,25.0,7.925,0,0,0,3,2.0,0,Adult,1
938,45.0,29.7,0,0,0,1,0.0,0,Adult,1
939,28.0,7.75,0,0,0,3,1.0,0,Adult,1
940,60.0,76.2917,1,0,0,1,0.0,0,Adult,1
941,36.0,15.9,1,0,2,3,2.0,0,Adult,3
942,24.0,60.0,0,1,0,1,2.0,0,Adult,2
943,27.0,15.0333,0,0,0,2,0.0,0,Adult,1
944,20.0,23.0,1,2,1,2,2.0,0,Adult,4
945,28.0,263.0,1,3,2,1,2.0,0,Adult,6
946,28.0,15.5792,0,0,0,2,0.0,0,Adult,1
947,10.0,29.125,0,4,1,3,1.0,0,Child,6
948,35.0,7.8958,0,0,0,3,2.0,0,Adult,1
949,25.0,7.65,0,0,0,3,2.0,0,Adult,1
950,28.0,16.1,0,1,0,3,2.0,0,Adult,2
951,36.0,262.375,1,0,0,1,0.0,0,Adult,1
952,17.0,7.8958,0,0,0,3,2.0,0,Teen,1
953,32.0,13.5,0,0,0,2,2.0,0,Adult,1
954,18.0,7.75,0,0,0,3,2.0,0,Teen,1
955,22.0,7.725,1,0,0,3,1.0,0,Adult,1
956,13.0,262.375,0,2,2,1,0.0,0,Teen,5
957,28.0,21.0,1,0,0,2,2.0,0,Adult,1
958,18.0,7.8792,1,0,0,3,1.0,0,Teen,1
959,47.0,42.4,0,0,0,1,2.0,0,Adult,1
960,31.0,28.5375,0,0,0,1,0.0,0,Adult,1
961,60.0,263.0,1,1,4,1,2.0,0,Adult,6
962,24.0,7.75,1,0,0,3,1.0,0,Adult,1
963,21.0,7.8958,0,0,0,3,2.0,0,Adult,1
964,29.0,7.925,1,0,0,3,2.0,0,Adult,1
965,28.5,27.7208,0,0,0,1,0.0,0,Adult,1
966,35.0,211.5,1,0,0,1,0.0,0,Adult,1
967,32.5,211.5,0,0,0,1,0.0,0,Adult,1
968,28.0,8.05,0,0,0,3,2.0,0,Adult,1
969,55.0,25.7,1,2,0,1,2.0,0,Adult,3
970,30.0,13.0,0,0,0,2,2.0,0,Adult,1
971,24.0,7.75,1,0,0,3,1.0,0,Adult,1
972,6.0,15.2458,0,1,1,3,0.0,0,Child,3
973,67.0,221.7792,0,1,0,1,2.0,0,Senior,2
974,49.0,26.0,0,0,0,1,2.0,0,Adult,1
975,28.0,7.8958,0,0,0,3,2.0,0,Adult,1
976,28.0,10.7083,0,0,0,2,1.0,0,Adult,1
977,28.0,14.4542,0,1,0,3,0.0,0,Adult,2
978,27.0,7.8792,1,0,0,3,1.0,0,Adult,1
979,18.0,8.05,1,0,0,3,2.0,0,Teen,1
980,28.0,7.75,1,0,0,3,1.0,0,Adult,1
981,2.0,23.0,0,1,1,2,2.0,0,Child,3
982,22.0,13.9,1,1,0,3,2.0,0,Adult,2
983,28.0,7.775,0,0,0,3,2.0,0,Adult,1
984,27.0,52.0,1,1,2,1,2.0,0,Adult,4
985,28.0,8.05,0,0,0,3,2.0,0,Adult,1
986,25.0,26.0,0,0,0,1,0.0,0,Adult,1
987,25.0,7.7958,0,0,0,3,2.0,0,Adult,1
988,76.0,78.85,1,1,0,1,2.0,0,Senior,2
989,29.0,7.925,0,0,0,3,2.0,0,Adult,1
990,20.0,7.8542,1,0,0,3,2.0,0,Adult,1
991,33.0,8.05,0,0,0,3,2.0,0,Adult,1
992,43.0,55.4417,1,1,0,1,0.0,0,Adult,2
993,27.0,26.0,0,1,0,2,2.0,0,Adult,2
994,28.0,7.75,0,0,0,3,1.0,0,Adult,1
995,26.0,7.775,0,0,0,3,2.0,0,Adult,1
996,16.0,8.5167,1,1,1,3,0.0,0,Teen,3
997,28.0,22.525,0,0,0,3,2.0,0,Adult,1
998,21.0,7.8208,0,0,0,3,1.0,0,Adult,1
999,28.0,7.75,0,0,0,3,1.0,0,Adult,1
1000,28.0,8.7125,0,0,0,3,2.0,0,Adult,1
1001,18.5,13.0,0,0,0,2,2.0,0,Adult,1
1002,41.0,15.0458,0,0,0,2,0.0,0,Adult,1
1003,28.0,7.7792,1,0,0,3,1.0,0,Adult,1
1004,36.0,31.6792,1,0,0,1,0.0,0,Adult,1
1005,18.5,7.2833,1,0,0,3,1.0,0,Adult,1
1006,63.0,221.7792,1,1,0,1,2.0,0,Senior,2
1007,18.0,14.4542,0,1,0,3,0.0,0,Teen,2
1008,28.0,6.4375,0,0,0,3,0.0,0,Adult,1
1009,1.0,16.7,1,1,1,3,2.0,0,Child,3
1010,36.0,75.2417,0,0,0,1,0.0,0,Adult,1
1011,29.0,26.0,1,1,0,2,2.0,0,Adult,2
1012,12.0,15.75,1,0,0,2,2.0,0,Child,1
1013,28.0,7.75,0,1,0,3,1.0,0,Adult,2
1014,35.0,57.75,1,1,0,1,0.0,0,Adult,2
1015,28.0,7.25,0,0,0,3,2.0,0,Adult,1
1016,28.0,7.75,0,0,0,3,1.0,0,Adult,1
1017,17.0,16.1,1,0,1,3,2.0,0,Teen,2
1018,22.0,7.7958,0,0,0,3,2.0,0,Adult,1
1019,28.0,23.25,1,2,0,3,1.0,0,Adult,3
1020,42.0,13.0,0,0,0,2,2.0,0,Adult,1
1021,24.0,8.05,0,0,0,3,2.0,0,Adult,1
1022,32.0,8.05,0,0,0,3,2.0,0,Adult,1
1023,53.0,28.5,0,0,0,1,0.0,0,Adult,1
1024,28.0,25.4667,1,0,4,3,2.0,0,Adult,5
1025,28.0,6.4375,0,1,0,3,0.0,0,Adult,2
1026,43.0,7.8958,0,0,0,3,2.0,0,Adult,1
1027,24.0,7.8542,0,0,0,3,2.0,0,Adult,1
1028,26.5,7.225,0,0,0,3,0.0,0,Adult,1
1029,26.0,13.0,0,0,0,2,2.0,0,Adult,1
1030,23.0,8.05,1,0,0,3,2.0,0,Adult,1
1031,40.0,46.9,0,1,6,3,2.0,0,Adult,8
1032,10.0,46.9,1,5,2,3,2.0,0,Child,8
1033,33.0,151.55,1,0,0,1,2.0,0,Adult,1
1034,61.0,262.375,0,1,3,1,0.0,0,Senior,5
1035,28.0,26.0,0,0,0,2,2.0,0,Adult,1
1036,42.0,26.55,0,0,0,1,2.0,0,Adult,1
1037,31.0,18.0,0,3,0,3,2.0,0,Adult,4
1038,28.0,51.8625,0,0,0,1,2.0,0,Adult,1
1039,22.0,8.05,0,0,0,3,2.0,0,Adult,1
1040,28.0,26.55,0,0,0,1,2.0,0,Adult,1
1041,30.0,26.0,0,1,1,2,2.0,0,Adult,3
1042,23.0,83.1583,1,0,1,1,0.0,0,Adult,2
1043,28.0,7.8958,0,0,0,3,0.0,0,Adult,1
1044,60.5,14.4542,0,0,0,3,2.0,0,Senior,1
1045,36.0,12.1833,1,0,2,3,2.0,0,Adult,3
1046,13.0,31.3875,0,4,2,3,2.0,0,Teen,7
1047,24.0,7.55,0,0,0,3,2.0,0,Adult,1
1048,29.0,221.7792,1,0,0,1,2.0,0,Adult,1
1049,23.0,7.8542,1,0,0,3,2.0,0,Adult,1
1050,42.0,26.55,0,0,0,1,2.0,0,Adult,1
1051,26.0,13.775,1,0,2,3,2.0,0,Adult,3
1052,28.0,7.7333,1,0,0,3,1.0,0,Adult,1
1053,7.0,15.2458,0,1,1,3,0.0,0,Child,3
1054,26.0,13.5,1,0,0,2,2.0,0,Adult,1
1055,28.0,7.0,0,0,0,3,2.0,0,Adult,1
1056,41.0,13.0,0,0,0,2,2.0,0,Adult,1
1057,26.0,22.025,1,1,1,3,2.0,0,Adult,3
1058,48.0,50.4958,0,0,0,1,0.0,0,Adult,1
1059,18.0,34.375,0,2,2,3,2.0,0,Teen,5
1060,28.0,27.7208,1,0,0,1,0.0,0,Adult,1
1061,22.0,8.9625,1,0,0,3,2.0,0,Adult,1
1062,28.0,7.55,0,0,0,3,2.0,0,Adult,1
1063,27.0,7.225,0,0,0,3,0.0,0,Adult,1
1064,23.0,13.9,0,1,0,3,2.0,0,Adult,2
1065,28.0,7.2292,0,0,0,3,0.0,0,Adult,1
1066,40.0,31.3875,0,1,5,3,2.0,0,Adult,7
1067,15.0,39.0,1,0,2,2,2.0,0,Teen,3
1068,20.0,36.75,1,0,0,2,2.0,0,Adult,1
1069,54.0,55.4417,0,1,0,1,0.0,0,Adult,2
1070,36.0,39.0,1,0,3,2,2.0,0,Adult,4
1071,64.0,83.1583,1,0,2,1,0.0,0,Senior,3
1072,30.0,13.0,0,0,0,2,2.0,0,Adult,1
1073,37.0,83.1583,0,1,1,1,0.0,0,Adult,3
1074,18.0,53.1,1,1,0,1,2.0,0,Teen,2
1075,28.0,7.75,0,0,0,3,1.0,0,Adult,1
1076,27.0,247.5208,1,1,1,1,0.0,0,Adult,3
1077,40.0,16.0,0,0,0,2,2.0,0,Adult,1
1078,21.0,21.0,1,0,1,2,2.0,0,Adult,2
1079,17.0,8.05,0,2,0,3,2.0,0,Teen,3
1080,28.0,69.55,1,8,2,3,2.0,0,Adult,11
1081,40.0,13.0,0,0,0,2,2.0,0,Adult,1
1082,34.0,26.0,0,1,0,2,2.0,0,Adult,2
1083,28.0,26.0,0,0,0,1,2.0,0,Adult,1
1084,11.5,14.5,0,1,1,3,2.0,0,Child,3
1085,61.0,12.35,0,0,0,2,1.0,0,Senior,1
1086,8.0,32.5,0,0,2,2,2.0,0,Child,3
1087,33.0,7.8542,0,0,0,3,2.0,0,Adult,1
1088,6.0,134.5,0,0,2,1,0.0,0,Child,3
1089,18.0,7.775,1,0,0,3,2.0,0,Teen,1
1090,23.0,10.5,0,0,0,2,2.0,0,Adult,1
1091,28.0,8.1125,1,0,0,3,2.0,0,Adult,1
1092,28.0,15.5,1,0,0,3,1.0,0,Adult,1
1093,0.33,14.4,0,0,2,3,2.0,0,Child,3
1094,47.0,227.525,0,1,0,1,0.0,0,Adult,2
1095,8.0,26.0,1,1,1,2,2.0,0,Child,3
1096,25.0,10.5,0,0,0,2,2.0,0,Adult,1
1097,28.0,25.7417,0,0,0,1,0.0,0,Adult,1
1098,35.0,7.75,1,0,0,3,1.0,0,Adult,1
1099,24.0,10.5,0,0,0,2,2.0,0,Adult,1
1100,33.0,27.7208,1,0,0,1,0.0,0,Adult,1
1101,25.0,7.8958,0,0,0,3,2.0,0,Adult,1
1102,32.0,22.525,0,0,0,3,2.0,0,Adult,1
1103,28.0,7.05,0,0,0,3,2.0,0,Adult,1
1104,17.0,73.5,0,0,0,2,2.0,0,Teen,1
1105,60.0,26.0,1,1,0,2,2.0,0,Adult,2
1106,38.0,7.775,1,4,2,3,2.0,0,Adult,7
1107,42.0,42.5,0,0,0,1,2.0,0,Adult,1
1108,28.0,7.8792,1,0,0,3,1.0,0,Adult,1
1109,57.0,164.8667,0,1,1,1,2.0,0,Adult,3
1110,50.0,211.5,1,1,1,1,0.0,0,Adult,3
1111,28.0,8.05,0,0,0,3,2.0,0,Adult,1
1112,30.0,13.8583,1,1,0,2,0.0,0,Adult,2
1113,21.0,8.05,0,0,0,3,2.0,0,Adult,1
1114,22.0,10.5,1,0,0,2,2.0,0,Adult,1
1115,21.0,7.7958,0,0,0,3,2.0,0,Adult,1
1116,53.0,27.4458,1,0,0,1,0.0,0,Adult,1
1117,28.0,15.2458,1,0,2,3,0.0,0,Adult,3
1118,23.0,7.7958,0,0,0,3,2.0,0,Adult,1
1119,28.0,7.75,1,0,0,3,1.0,0,Adult,1
1120,40.5,15.1,0,0,0,3,2.0,0,Adult,1
1121,36.0,13.0,0,0,0,2,2.0,0,Adult,1
1122,14.0,65.0,0,0,0,2,2.0,0,Teen,1
1123,21.0,26.55,1,0,0,1,2.0,0,Adult,1
1124,21.0,6.4958,0,1,0,3,2.0,0,Adult,2
1125,28.0,7.8792,0,0,0,3,1.0,0,Adult,1
1126,39.0,71.2833,0,1,0,1,0.0,0,Adult,2
1127,20.0,7.8542,0,0,0,3,2.0,0,Adult,1
1128,64.0,75.25,0,1,0,1,0.0,0,Senior,2
1129,20.0,7.225,0,0,0,3,0.0,0,Adult,1
1130,18.0,13.0,1,1,1,2,2.0,0,Teen,3
1131,48.0,106.425,1,1,0,1,0.0,0,Adult,2
1132,55.0,27.7208,1,0,0,1,0.0,0,Adult,1
1133,45.0,30.0,1,0,2,2,2.0,0,Adult,3
1134,45.0,134.5,0,1,1,1,0.0,0,Adult,3
1135,28.0,7.8875,0,0,0,3,2.0,0,Adult,1
1136,28.0,23.45,0,1,2,3,2.0,0,Adult,4
1137,41.0,51.8625,0,1,0,1,2.0,0,Adult,2
1138,22.0,21.0,1,0,0,2,2.0,0,Adult,1
1139,42.0,32.5,0,1,1,2,2.0,0,Adult,3
1140,29.0,26.0,1,1,0,2,2.0,0,Adult,2
1141,28.0,14.4542,1,1,0,3,0.0,0,Adult,2
1142,0.92,27.75,1,1,2,2,2.0,0,Child,4
1143,20.0,7.925,0,0,0,3,2.0,0,Adult,1
1144,27.0,136.7792,0,1,0,1,0.0,0,Adult,2
1145,24.0,9.325,0,0,0,3,2.0,0,Adult,1
1146,32.5,9.5,0,0,0,3,2.0,0,Adult,1
1147,28.0,7.55,0,0,0,3,2.0,0,Adult,1
1148,28.0,7.75,0,0,0,3,1.0,0,Adult,1
1149,28.0,8.05,0,0,0,3,2.0,0,Adult,1
1150,19.0,13.0,1,0,0,2,2.0,0,Adult,1
1151,21.0,7.775,0,0,0,3,2.0,0,Adult,1
1152,36.5,17.4,0,1,0,3,2.0,0,Adult,2
1153,21.0,7.8542,0,0,0,3,2.0,0,Adult,1
1154,29.0,23.0,1,0,2,2,2.0,0,Adult,3
1155,1.0,12.1833,1,1,1,3,2.0,0,Child,3
1156,30.0,12.7375,0,0,0,2,0.0,0,Adult,1
1157,28.0,7.8958,0,0,0,3,2.0,0,Adult,1
1158,28.0,0.0,0,0,0,1,2.0,0,Adult,1
1159,28.0,7.55,0,0,0,3,2.0,0,Adult,1
1160,28.0,8.05,1,0,0,3,2.0,0,Adult,1
1161,17.0,8.6625,0,0,0,3,2.0,0,Teen,1
1162,46.0,75.2417,0,0,0,1,0.0,0,Adult,1
1163,28.0,7.75,0,0,0,3,1.0,0,Adult,1
1164,26.0,136.7792,1,1,0,1,0.0,0,Adult,2
1165,28.0,15.5,1,1,0,3,1.0,0,Adult,2
1166,28.0,7.225,0,0,0,3,0.0,0,Adult,1
1167,20.0,26.0,1,1,0,2,2.0,0,Adult,2
1168,28.0,10.5,0,0,0,2,2.0,0,Adult,1
1169,40.0,26.0,0,1,0,2,2.0,0,Adult,2
1170,30.0,21.0,0,1,0,2,2.0,0,Adult,2
1171,22.0,10.5,0,0,0,2,2.0,0,Adult,1
1172,23.0,8.6625,1,0,0,3,2.0,0,Adult,1
1173,0.75,13.775,0,1,1,3,2.0,0,Child,3
1174,28.0,7.75,1,0,0,3,1.0,0,Adult,1
1175,9.0,15.2458,1,1,1,3,0.0,0,Child,3
1176,2.0,20.2125,1,1,1,3,2.0,0,Child,3
1177,36.0,7.25,0,0,0,3,2.0,0,Adult,1
1178,28.0,7.25,0,0,0,3,2.0,0,Adult,1
1179,24.0,82.2667,0,1,0,1,2.0,0,Adult,2
1180,28.0,7.2292,0,0,0,3,0.0,0,Adult,1
1181,28.0,8.05,0,0,0,3,2.0,0,Adult,1
1182,28.0,39.6,0,0,0,1,2.0,0,Adult,1
1183,30.0,6.95,1,0,0,3,1.0,0,Adult,1
1184,28.0,7.2292,0,0,0,3,0.0,0,Adult,1
1185,53.0,81.8583,0,1,1,1,2.0,0,Adult,3
1186,36.0,9.5,0,0,0,3,2.0,0,Adult,1
1187,26.0,7.8958,0,0,0,3,2.0,0,Adult,1
1188,1.0,41.5792,1,1,2,2,0.0,0,Child,4
1189,28.0,21.6792,0,2,0,3,0.0,0,Adult,3
1190,30.0,45.5,0,0,0,1,2.0,0,Adult,1
1191,29.0,7.8542,0,0,0,3,2.0,0,Adult,1
1192,32.0,7.775,0,0,0,3,2.0,0,Adult,1
1193,28.0,15.0458,0,0,0,2,0.0,0,Adult,1
1194,43.0,21.0,0,0,1,2,2.0,0,Adult,2
1195,24.0,8.6625,0,0,0,3,2.0,0,Adult,1
1196,28.0,7.75,1,0,0,3,1.0,0,Adult,1
1197,64.0,26.55,1,1,1,1,2.0,0,Senior,3
1198,30.0,151.55,0,1,2,1,2.0,0,Adult,4
1199,0.83,9.35,0,0,1,3,2.0,0,Child,2
1200,55.0,93.5,0,1,1,1,2.0,0,Adult,3
1201,45.0,14.1083,1,1,0,3,2.0,0,Adult,2
1202,18.0,8.6625,0,0,0,3,2.0,0,Teen,1
1203,22.0,7.225,0,0,0,3,0.0,0,Adult,1
1204,28.0,7.575,0,0,0,3,2.0,0,Adult,1
1205,37.0,7.75,1,0,0,3,1.0,0,Adult,1
1206,55.0,135.6333,1,0,0,1,0.0,0,Adult,1
1207,17.0,7.7333,1,0,0,3,1.0,0,Teen,1
1208,57.0,146.5208,0,1,0,1,0.0,0,Adult,2
1209,19.0,10.5,0,0,0,2,2.0,0,Adult,1
1210,27.0,7.8542,0,0,0,3,2.0,0,Adult,1
1211,22.0,31.5,0,2,0,2,2.0,0,Adult,3
1212,26.0,7.775,0,0,0,3,2.0,0,Adult,1
1213,25.0,7.2292,0,0,0,3,0.0,0,Adult,1
1214,26.0,13.0,0,0,0,2,2.0,0,Adult,1
1215,33.0,26.55,0,0,0,1,2.0,0,Adult,1
1216,39.0,211.3375,1,0,0,1,2.0,0,Adult,1
1217,23.0,7.05,0,0,0,3,2.0,0,Adult,1
1218,12.0,39.0,1,2,1,2,2.0,0,Child,4
1219,46.0,79.2,0,0,0,1,0.0,0,Adult,1
1220,29.0,26.0,0,1,0,2,2.0,0,Adult,2
1221,21.0,13.0,0,0,0,2,2.0,0,Adult,1
1222,48.0,36.75,1,0,2,2,2.0,0,Adult,3
1223,39.0,29.7,0,0,0,1,0.0,0,Adult,1
1224,28.0,7.225,0,0,0,3,0.0,0,Adult,1
1225,19.0,15.7417,1,1,1,3,0.0,0,Adult,3
1226,27.0,7.8958,0,0,0,3,2.0,0,Adult,1
1227,30.0,26.0,0,0,0,1,2.0,0,Adult,1
1228,32.0,13.0,0,0,0,2,2.0,0,Adult,1
1229,39.0,7.2292,0,0,2,3,0.0,0,Adult,3
1230,25.0,31.5,0,0,0,2,2.0,0,Adult,1
1231,28.0,7.2292,0,0,0,3,0.0,0,Adult,1
1232,18.0,10.5,0,0,0,2,2.0,0,Teen,1
1233,32.0,7.5792,0,0,0,3,2.0,0,Adult,1
1234,28.0,69.55,0,1,9,3,2.0,0,Adult,11
1235,58.0,512.3292,1,0,1,1,0.0,0,Adult,2
1236,28.0,14.5,0,1,1,3,2.0,0,Adult,3
1237,16.0,7.65,1,0,0,3,2.0,0,Teen,1
1238,26.0,13.0,0,0,0,2,2.0,0,Adult,1
1239,38.0,7.2292,1,0,0,3,0.0,0,Adult,1
1240,24.0,13.5,0,0,0,2,2.0,0,Adult,1
1241,31.0,21.0,1,0,0,2,2.0,0,Adult,1
1242,45.0,63.3583,1,0,1,1,0.0,0,Adult,2
1243,25.0,10.5,0,0,0,2,2.0,0,Adult,1
1244,18.0,73.5,0,0,0,2,2.0,0,Teen,1
1245,49.0,65.0,0,1,2,2,2.0,0,Adult,4
1246,0.17,20.575,1,1,2,3,2.0,0,Child,4
1247,50.0,26.0,0,0,0,1,2.0,0,Adult,1
1248,59.0,51.4792,1,2,0,1,2.0,0,Adult,3
1249,28.0,7.8792,0,0,0,3,2.0,0,Adult,1
1250,28.0,7.75,0,0,0,3,1.0,0,Adult,1
1251,30.0,15.55,1,1,0,3,2.0,0,Adult,2
1252,14.5,69.55,0,8,2,3,2.0,0,Teen,11
1253,24.0,37.0042,1,1,1,2,0.0,0,Adult,3
1254,31.0,21.0,1,0,0,2,2.0,0,Adult,1
1255,27.0,8.6625,0,0,0,3,2.0,0,Adult,1
1256,25.0,55.4417,1,1,0,1,0.0,0,Adult,2
1257,28.0,69.55,1,1,9,3,2.0,0,Adult,11
1258,28.0,14.4583,0,1,0,3,0.0,0,Adult,2
1259,22.0,39.6875,1,0,0,3,2.0,0,Adult,1
1260,45.0,59.4,1,0,1,1,0.0,0,Adult,2
1261,29.0,13.8583,0,0,0,2,0.0,0,Adult,1
1262,21.0,11.5,0,1,0,2,2.0,0,Adult,2
1263,31.0,134.5,1,0,0,1,0.0,0,Adult,1
1264,49.0,0.0,0,0,0,1,2.0,0,Adult,1
1265,44.0,13.0,0,0,0,2,2.0,0,Adult,1
1266,54.0,81.8583,1,1,1,1,2.0,0,Adult,3
1267,45.0,262.375,1,0,0,1,0.0,0,Adult,1
1268,22.0,8.6625,1,2,0,3,2.0,0,Adult,3
1269,21.0,11.5,0,0,0,2,2.0,0,Adult,1
1270,55.0,50.0,0,0,0,1,2.0,0,Adult,1
1271,5.0,31.3875,0,4,2,3,2.0,0,Child,7
1272,28.0,7.75,0,0,0,3,1.0,0,Adult,1
1273,26.0,7.8792,0,0,0,3,1.0,0,Adult,1
1274,28.0,14.5,1,0,0,3,2.0,0,Adult,1
1275,19.0,16.1,1,1,0,3,2.0,0,Adult,2
1276,28.0,12.875,0,0,0,2,2.0,0,Adult,1
1277,24.0,65.0,1,1,2,2,2.0,0,Adult,4
1278,24.0,7.775,0,0,0,3,2.0,0,Adult,1
1279,57.0,13.0,0,0,0,2,2.0,0,Adult,1
1280,21.0,7.75,0,0,0,3,1.0,0,Adult,1
1281,6.0,21.075,0,3,1,3,2.0,0,Child,5
1282,23.0,93.5,0,0,0,1,2.0,0,Adult,1
1283,51.0,39.4,1,0,1,1,2.0,0,Adult,2
1284,13.0,20.25,0,0,2,3,2.0,0,Teen,3
1285,47.0,10.5,0,0,0,2,2.0,0,Adult,1
1286,29.0,22.025,0,3,1,3,2.0,0,Adult,5
1287,18.0,60.0,1,1,0,1,2.0,0,Teen,2
1288,24.0,7.25,0,0,0,3,1.0,0,Adult,1
1289,48.0,79.2,1,1,1,1,0.0,0,Adult,3
1290,22.0,7.775,0,0,0,3,2.0,0,Adult,1
1291,31.0,7.7333,0,0,0,3,1.0,0,Adult,1
1292,30.0,164.8667,1,0,0,1,2.0,0,Adult,1
1293,38.0,21.0,0,1,0,2,2.0,0,Adult,2
1294,22.0,59.4,1,0,1,1,0.0,0,Adult,2
1295,17.0,47.1,0,0,0,1,2.0,0,Teen,1
1296,43.0,27.7208,0,1,0,1,0.0,0,Adult,2
1297,20.0,13.8625,0,0,0,2,0.0,0,Adult,1
1298,23.0,10.5,0,1,0,2,2.0,0,Adult,2
1299,50.0,211.5,0,1,1,1,0.0,0,Adult,3
1300,28.0,7.7208,1,0,0,3,1.0,0,Adult,1
1301,3.0,13.775,1,1,1,3,2.0,0,Child,3
1302,28.0,7.75,1,0,0,3,1.0,0,Adult,1
1303,37.0,90.0,1,1,0,1,1.0,0,Adult,2
1304,28.0,7.775,1,0,0,3,2.0,0,Adult,1
1305,28.0,8.05,0,0,0,3,2.0,0,Adult,1
1306,39.0,108.9,1,0,0,1,0.0,0,Adult,1
1307,38.5,7.25,0,0,0,3,2.0,0,Adult,1
1308,28.0,8.05,0,0,0,3,2.0,0,Adult,1
1309,28.0,22.3583,0,1,1,3,0.0,0,Adult,3
