v1,v2
ham,"Go until jurong point, crazy.. Available only in bugis n great world la e buffet... Cine there got amore wat..."
ham,"Ok lar... Joking wif u oni..."
spam,"Free entry in 2 a wkly comp to win FA Cup final tkts 21st May 2005. Text FA to 87121 to receive entry question(std txt rate)T&C's apply 08452810075over18's"
ham,"U dun say so early hor... U c already then say..."
ham,"Nah I don't think he goes to usf, he lives around here though"
spam,"WINNER!! As a valued network customer you have been selected to receivea £900 prize reward! To claim call 09061701461. Claim code KL341. Valid 12 hours only."
spam,"HAD YOUR MOBILE 11 MONTHS OR MORE? YOU ARE ENTITLED TO UPDATE TO THE LATEST COLOUR MOBILES WITH CAMERA FOR FREE! CALL THE MOBILE UPDATE CO FREE ON 08002986030"
ham,"I'm gonna be home soon and i don't want to talk about this stuff anymore tonight, k? I've cried enough today."
ham,"SIX chances to win CASH! From 100 to 20,000 pounds txt> CSH11 and send to 87575. Cost 150p/day, 6days, 16+ TsandCs apply Reply HL 4 info"
spam,"URGENT! You have won a 1 week FREE membership in our £100,000 Prize Jackpot! Txt the word: CLAIM to No: 81010. T&C www.dbuk.net"